id	category	name	provided_by	id_grounded	xref
geoatlas:AXIS:CPS	biolink:ClinicalAttribute	continuous pseudo-progression score	infores:geoatlas	false	
geoatlas:GAP:G4_context_gap	geoatlas:KnowledgeGap	context not measured	infores:geoatlas	false	
geoatlas:GAP:G7_power_limit	geoatlas:KnowledgeGap	cohort under-powered for this effect	infores:geoatlas	false	
geoatlas:GAP:G8_direction_unresolved	geoatlas:KnowledgeGap	no usable instrument — causal direction unknown	infores:geoatlas	false	
CL:0000129	biolink:Cell	microglial cell	infores:geoatlas	true	
UBERON:0002771	biolink:GrossAnatomicalStructure	middle temporal gyrus	infores:geoatlas	true	
geoatlas:DATASET:SEA-AD	biolink:Dataset	SEA-AD	infores:geoatlas	false	
ENSEMBL:ENSG00000143416	biolink:Gene	SELENBP1	infores:geoatlas	true	
MONDO:0004975	biolink:Disease	MONDO:0004975	infores:geoatlas	true	
ENSEMBL:ENSG00000157005	biolink:Gene	SST	infores:geoatlas	true	
ENSEMBL:ENSG00000242258	biolink:Gene	LINC00996	infores:geoatlas	true	
ENSEMBL:ENSG00000286195	biolink:Gene	ENSG00000286195	infores:geoatlas	true	
ENSEMBL:ENSG00000146072	biolink:Gene	TNFRSF21	infores:geoatlas	true	
ENSEMBL:ENSG00000144724	biolink:Gene	PTPRG	infores:geoatlas	true	
ENSEMBL:ENSG00000164761	biolink:Gene	TNFRSF11B	infores:geoatlas	true	
ENSEMBL:ENSG00000253298	biolink:Gene	LINC01845	infores:geoatlas	true	
ENSEMBL:ENSG00000099954	biolink:Gene	CECR2	infores:geoatlas	true	
ENSEMBL:ENSG00000253474	biolink:Gene	ENSG00000253474	infores:geoatlas	true	
ENSEMBL:ENSG00000232591	biolink:Gene	LINC02642	infores:geoatlas	true	
ENSEMBL:ENSG00000283052	biolink:Gene	LINC02456	infores:geoatlas	true	
ENSEMBL:ENSG00000287826	biolink:Gene	ENSG00000287826	infores:geoatlas	true	
ENSEMBL:ENSG00000286625	biolink:Gene	ENSG00000286625	infores:geoatlas	true	
ENSEMBL:ENSG00000117984	biolink:Gene	CTSD	infores:geoatlas	true	
ENSEMBL:ENSG00000212907	biolink:Gene	MT-ND4L	infores:geoatlas	true	
ENSEMBL:ENSG00000140563	biolink:Gene	MCTP2	infores:geoatlas	true	
ENSEMBL:ENSG00000163958	biolink:Gene	ZDHHC19	infores:geoatlas	true	
ENSEMBL:ENSG00000288025	biolink:Gene	ENSG00000288025	infores:geoatlas	true	
ENSEMBL:ENSG00000251381	biolink:Gene	LINC00958	infores:geoatlas	true	
ENSEMBL:ENSG00000198786	biolink:Gene	MT-ND5	infores:geoatlas	true	
ENSEMBL:ENSG00000053524	biolink:Gene	MCF2L2	infores:geoatlas	true	
ENSEMBL:ENSG00000286023	biolink:Gene	ENSG00000286023	infores:geoatlas	true	
ENSEMBL:ENSG00000198763	biolink:Gene	MT-ND2	infores:geoatlas	true	
ENSEMBL:ENSG00000224968	biolink:Gene	LINC01645	infores:geoatlas	true	
ENSEMBL:ENSG00000145703	biolink:Gene	IQGAP2	infores:geoatlas	true	
ENSEMBL:ENSG00000111181	biolink:Gene	SLC6A12	infores:geoatlas	true	
ENSEMBL:ENSG00000148730	biolink:Gene	EIF4EBP2	infores:geoatlas	true	
ENSEMBL:ENSG00000244286	biolink:Gene	ITGB5-AS1	infores:geoatlas	true	
ENSEMBL:ENSG00000198829	biolink:Gene	SUCNR1	infores:geoatlas	true	
ENSEMBL:ENSG00000164188	biolink:Gene	RANBP3L	infores:geoatlas	true	
ENSEMBL:ENSG00000143995	biolink:Gene	MEIS1	infores:geoatlas	true	
ENSEMBL:ENSG00000283413	biolink:Gene	ENSG00000283413	infores:geoatlas	true	
ENSEMBL:ENSG00000198886	biolink:Gene	MT-ND4	infores:geoatlas	true	
geoatlas:GENE:MAP3K5-AS2	biolink:Gene	MAP3K5-AS2	infores:geoatlas	false	unresolved symbol
ENSEMBL:ENSG00000172020	biolink:Gene	GAP43	infores:geoatlas	true	
ENSEMBL:ENSG00000144893	biolink:Gene	MED12L	infores:geoatlas	true	
ENSEMBL:ENSG00000198712	biolink:Gene	MT-CO2	infores:geoatlas	true	
ENSEMBL:ENSG00000198888	biolink:Gene	MT-ND1	infores:geoatlas	true	
ENSEMBL:ENSG00000196154	biolink:Gene	S100A4	infores:geoatlas	true	
ENSEMBL:ENSG00000233154	biolink:Gene	LINC01762	infores:geoatlas	true	
geoatlas:GENE:FOXP1-DT	biolink:Gene	FOXP1-DT	infores:geoatlas	false	unresolved symbol
ENSEMBL:ENSG00000124785	biolink:Gene	NRN1	infores:geoatlas	true	
ENSEMBL:ENSG00000249631	biolink:Gene	ENSG00000249631	infores:geoatlas	true	
ENSEMBL:ENSG00000261649	biolink:Gene	GOLGA6L7	infores:geoatlas	true	
ENSEMBL:ENSG00000124942	biolink:Gene	AHNAK	infores:geoatlas	true	
ENSEMBL:ENSG00000198840	biolink:Gene	MT-ND3	infores:geoatlas	true	
ENSEMBL:ENSG00000141527	biolink:Gene	CARD14	infores:geoatlas	true	
ENSEMBL:ENSG00000228253	biolink:Gene	MT-ATP8	infores:geoatlas	true	
ENSEMBL:ENSG00000006128	biolink:Gene	TAC1	infores:geoatlas	true	
ENSEMBL:ENSG00000251003	biolink:Gene	ZFPM2-AS1	infores:geoatlas	true	
ENSEMBL:ENSG00000182836	biolink:Gene	PLCXD3	infores:geoatlas	true	
ENSEMBL:ENSG00000198899	biolink:Gene	MT-ATP6	infores:geoatlas	true	
geoatlas:GENE:MROCKI	biolink:Gene	MROCKI	infores:geoatlas	false	unresolved symbol
ENSEMBL:ENSG00000228789	biolink:Gene	HCG22	infores:geoatlas	true	
ENSEMBL:ENSG00000104998	biolink:Gene	IL27RA	infores:geoatlas	true	
ENSEMBL:ENSG00000089327	biolink:Gene	FXYD5	infores:geoatlas	true	
ENSEMBL:ENSG00000237248	biolink:Gene	LINC00987	infores:geoatlas	true	
ENSEMBL:ENSG00000133121	biolink:Gene	STARD13	infores:geoatlas	true	
ENSEMBL:ENSG00000276070	biolink:Gene	CCL4L2	infores:geoatlas	true	
ENSEMBL:ENSG00000073146	biolink:Gene	MOV10L1	infores:geoatlas	true	
ENSEMBL:ENSG00000256894	biolink:Gene	ENSG00000256894	infores:geoatlas	true	
ENSEMBL:ENSG00000167600	biolink:Gene	CYP2S1	infores:geoatlas	true	
ENSEMBL:ENSG00000259756	biolink:Gene	ENSG00000259756	infores:geoatlas	true	
ENSEMBL:ENSG00000198727	biolink:Gene	MT-CYB	infores:geoatlas	true	
ENSEMBL:ENSG00000138135	biolink:Gene	CH25H	infores:geoatlas	true	
ENSEMBL:ENSG00000172824	biolink:Gene	CES4A	infores:geoatlas	true	
ENSEMBL:ENSG00000141858	biolink:Gene	SAMD1	infores:geoatlas	true	
ENSEMBL:ENSG00000136048	biolink:Gene	DRAM1	infores:geoatlas	true	
geoatlas:GENE:NUDT16-DT	biolink:Gene	NUDT16-DT	infores:geoatlas	false	unresolved symbol
ENSEMBL:ENSG00000116903	biolink:Gene	EXOC8	infores:geoatlas	true	
ENSEMBL:ENSG00000114861	biolink:Gene	FOXP1	infores:geoatlas	true	
ENSEMBL:ENSG00000197635	biolink:Gene	DPP4	infores:geoatlas	true	
ENSEMBL:ENSG00000152767	biolink:Gene	FARP1	infores:geoatlas	true	
ENSEMBL:ENSG00000147647	biolink:Gene	DPYS	infores:geoatlas	true	
ENSEMBL:ENSG00000064687	biolink:Gene	ABCA7	infores:geoatlas	true	
ENSEMBL:ENSG00000049246	biolink:Gene	PER3	infores:geoatlas	true	
ENSEMBL:ENSG00000127329	biolink:Gene	PTPRB	infores:geoatlas	true	
ENSEMBL:ENSG00000217555	biolink:Gene	CKLF	infores:geoatlas	true	
ENSEMBL:ENSG00000133055	biolink:Gene	MYBPH	infores:geoatlas	true	
ENSEMBL:ENSG00000174718	biolink:Gene	RESF1	infores:geoatlas	true	
ENSEMBL:ENSG00000163110	biolink:Gene	PDLIM5	infores:geoatlas	true	
ENSEMBL:ENSG00000235750	biolink:Gene	KIAA0040	infores:geoatlas	true	
ENSEMBL:ENSG00000188290	biolink:Gene	HES4	infores:geoatlas	true	
ENSEMBL:ENSG00000240963	biolink:Gene	ENSG00000240963	infores:geoatlas	true	
ENSEMBL:ENSG00000083312	biolink:Gene	TNPO1	infores:geoatlas	true	
ENSEMBL:ENSG00000205056	biolink:Gene	LINC02397	infores:geoatlas	true	
ENSEMBL:ENSG00000242094	biolink:Gene	FOXP1-IT1	infores:geoatlas	true	
ENSEMBL:ENSG00000235880	biolink:Gene	ENSG00000235880	infores:geoatlas	true	
ENSEMBL:ENSG00000135678	biolink:Gene	CPM	infores:geoatlas	true	
ENSEMBL:ENSG00000171132	biolink:Gene	PRKCE	infores:geoatlas	true	
ENSEMBL:ENSG00000287950	biolink:Gene	ENSG00000287950	infores:geoatlas	true	
ENSEMBL:ENSG00000128829	biolink:Gene	EIF2AK4	infores:geoatlas	true	
ENSEMBL:ENSG00000133048	biolink:Gene	CHI3L1	infores:geoatlas	true	
ENSEMBL:ENSG00000198938	biolink:Gene	MT-CO3	infores:geoatlas	true	
ENSEMBL:ENSG00000172037	biolink:Gene	LAMB2	infores:geoatlas	true	
ENSEMBL:ENSG00000137648	biolink:Gene	TMPRSS4	infores:geoatlas	true	
ENSEMBL:ENSG00000073849	biolink:Gene	ST6GAL1	infores:geoatlas	true	
ENSEMBL:ENSG00000143507	biolink:Gene	DUSP10	infores:geoatlas	true	
ENSEMBL:ENSG00000106299	biolink:Gene	WASL	infores:geoatlas	true	
ENSEMBL:ENSG00000105887	biolink:Gene	MTPN	infores:geoatlas	true	
ENSEMBL:ENSG00000181631	biolink:Gene	P2RY13	infores:geoatlas	true	
ENSEMBL:ENSG00000121101	biolink:Gene	TEX14	infores:geoatlas	true	
ENSEMBL:ENSG00000277632	biolink:Gene	CCL3	infores:geoatlas	true	
ENSEMBL:ENSG00000213853	biolink:Gene	EMP2	infores:geoatlas	true	
ENSEMBL:ENSG00000134769	biolink:Gene	DTNA	infores:geoatlas	true	
ENSEMBL:ENSG00000116151	biolink:Gene	MORN1	infores:geoatlas	true	
ENSEMBL:ENSG00000265907	biolink:Gene	ENSG00000265907	infores:geoatlas	true	
ENSEMBL:ENSG00000166295	biolink:Gene	ANAPC16	infores:geoatlas	true	
ENSEMBL:ENSG00000105323	biolink:Gene	HNRNPUL1	infores:geoatlas	true	
ENSEMBL:ENSG00000287749	biolink:Gene	ENSG00000287749	infores:geoatlas	true	
ENSEMBL:ENSG00000104368	biolink:Gene	PLAT	infores:geoatlas	true	
ENSEMBL:ENSG00000122585	biolink:Gene	NPY	infores:geoatlas	true	
ENSEMBL:ENSG00000169896	biolink:Gene	ITGAM	infores:geoatlas	true	
ENSEMBL:ENSG00000255240	biolink:Gene	ENSG00000255240	infores:geoatlas	true	
ENSEMBL:ENSG00000267374	biolink:Gene	MIR924HG	infores:geoatlas	true	
ENSEMBL:ENSG00000136560	biolink:Gene	TANK	infores:geoatlas	true	
ENSEMBL:ENSG00000018189	biolink:Gene	RUFY3	infores:geoatlas	true	
ENSEMBL:ENSG00000276216	biolink:Gene	ENSG00000276216	infores:geoatlas	true	
ENSEMBL:ENSG00000180233	biolink:Gene	ZNRF2	infores:geoatlas	true	
ENSEMBL:ENSG00000287979	biolink:Gene	ENSG00000287979	infores:geoatlas	true	
ENSEMBL:ENSG00000197912	biolink:Gene	SPG7	infores:geoatlas	true	
ENSEMBL:ENSG00000171914	biolink:Gene	TLN2	infores:geoatlas	true	
ENSEMBL:ENSG00000135823	biolink:Gene	STX6	infores:geoatlas	true	
ENSEMBL:ENSG00000170017	biolink:Gene	ALCAM	infores:geoatlas	true	
ENSEMBL:ENSG00000225963	biolink:Gene	ENSG00000225963	infores:geoatlas	true	
ENSEMBL:ENSG00000101460	biolink:Gene	MAP1LC3A	infores:geoatlas	true	
ENSEMBL:ENSG00000165943	biolink:Gene	MOAP1	infores:geoatlas	true	
geoatlas:GENE:RENO1	biolink:Gene	RENO1	infores:geoatlas	false	unresolved symbol
ENSEMBL:ENSG00000286226	biolink:Gene	ENSG00000286226	infores:geoatlas	true	
ENSEMBL:ENSG00000286403	biolink:Gene	ENSG00000286403	infores:geoatlas	true	
ENSEMBL:ENSG00000030304	biolink:Gene	MUSK	infores:geoatlas	true	
ENSEMBL:ENSG00000164442	biolink:Gene	CITED2	infores:geoatlas	true	
ENSEMBL:ENSG00000229751	biolink:Gene	ENSG00000229751	infores:geoatlas	true	
ENSEMBL:ENSG00000285582	biolink:Gene	ENSG00000285582	infores:geoatlas	true	
ENSEMBL:ENSG00000141337	biolink:Gene	ARSG	infores:geoatlas	true	
ENSEMBL:ENSG00000079156	biolink:Gene	OSBPL6	infores:geoatlas	true	
ENSEMBL:ENSG00000145088	biolink:Gene	EAF2	infores:geoatlas	true	
ENSEMBL:ENSG00000100029	biolink:Gene	PES1	infores:geoatlas	true	
ENSEMBL:ENSG00000106785	biolink:Gene	TRIM14	infores:geoatlas	true	
ENSEMBL:ENSG00000243155	biolink:Gene	ENSG00000243155	infores:geoatlas	true	
ENSEMBL:ENSG00000249279	biolink:Gene	LINC02057	infores:geoatlas	true	
geoatlas:GENE:ADGRB3-DT	biolink:Gene	ADGRB3-DT	infores:geoatlas	false	unresolved symbol
ENSEMBL:ENSG00000145779	biolink:Gene	TNFAIP8	infores:geoatlas	true	
ENSEMBL:ENSG00000125458	biolink:Gene	NT5C	infores:geoatlas	true	
ENSEMBL:ENSG00000152818	biolink:Gene	UTRN	infores:geoatlas	true	
ENSEMBL:ENSG00000189306	biolink:Gene	RRP7A	infores:geoatlas	true	
ENSEMBL:ENSG00000203650	biolink:Gene	LINC01285	infores:geoatlas	true	
ENSEMBL:ENSG00000108828	biolink:Gene	VAT1	infores:geoatlas	true	
ENSEMBL:ENSG00000233729	biolink:Gene	NCKAP5-AS1	infores:geoatlas	true	
ENSEMBL:ENSG00000162104	biolink:Gene	ADCY9	infores:geoatlas	true	
ENSEMBL:ENSG00000238057	biolink:Gene	ZEB2-AS1	infores:geoatlas	true	
ENSEMBL:ENSG00000116871	biolink:Gene	MAP7D1	infores:geoatlas	true	
ENSEMBL:ENSG00000169249	biolink:Gene	ZRSR2	infores:geoatlas	true	
ENSEMBL:ENSG00000124003	biolink:Gene	MOGAT1	infores:geoatlas	true	
ENSEMBL:ENSG00000166681	biolink:Gene	BEX3	infores:geoatlas	true	
ENSEMBL:ENSG00000136231	biolink:Gene	IGF2BP3	infores:geoatlas	true	
ENSEMBL:ENSG00000226571	biolink:Gene	ENSG00000226571	infores:geoatlas	true	
ENSEMBL:ENSG00000257438	biolink:Gene	ENSG00000257438	infores:geoatlas	true	
ENSEMBL:ENSG00000286068	biolink:Gene	ENSG00000286068	infores:geoatlas	true	
ENSEMBL:ENSG00000164440	biolink:Gene	TXLNB	infores:geoatlas	true	
ENSEMBL:ENSG00000089199	biolink:Gene	CHGB	infores:geoatlas	true	
ENSEMBL:ENSG00000155926	biolink:Gene	SLA	infores:geoatlas	true	
ENSEMBL:ENSG00000287150	biolink:Gene	ENSG00000287150	infores:geoatlas	true	
ENSEMBL:ENSG00000100276	biolink:Gene	RASL10A	infores:geoatlas	true	
ENSEMBL:ENSG00000277855	biolink:Gene	ENSG00000277855	infores:geoatlas	true	
geoatlas:GENE:FRMD4A-AS1	biolink:Gene	FRMD4A-AS1	infores:geoatlas	false	unresolved symbol
ENSEMBL:ENSG00000088833	biolink:Gene	NSFL1C	infores:geoatlas	true	
ENSEMBL:ENSG00000156298	biolink:Gene	TSPAN7	infores:geoatlas	true	
geoatlas:GENE:FIRRM	biolink:Gene	FIRRM	infores:geoatlas	false	unresolved symbol
ENSEMBL:ENSG00000185339	biolink:Gene	TCN2	infores:geoatlas	true	
ENSEMBL:ENSG00000067113	biolink:Gene	PLPP1	infores:geoatlas	true	
ENSEMBL:ENSG00000287958	biolink:Gene	ENSG00000287958	infores:geoatlas	true	
ENSEMBL:ENSG00000223749	biolink:Gene	MIR503HG	infores:geoatlas	true	
ENSEMBL:ENSG00000118496	biolink:Gene	FBXO30	infores:geoatlas	true	
ENSEMBL:ENSG00000166340	biolink:Gene	TPP1	infores:geoatlas	true	
ENSEMBL:ENSG00000111144	biolink:Gene	LTA4H	infores:geoatlas	true	
ENSEMBL:ENSG00000177105	biolink:Gene	RHOG	infores:geoatlas	true	
ENSEMBL:ENSG00000167792	biolink:Gene	NDUFV1	infores:geoatlas	true	
ENSEMBL:ENSG00000204296	biolink:Gene	TSBP1	infores:geoatlas	true	
ENSEMBL:ENSG00000204482	biolink:Gene	LST1	infores:geoatlas	true	
ENSEMBL:ENSG00000265972	biolink:Gene	TXNIP	infores:geoatlas	true	
ENSEMBL:ENSG00000152580	biolink:Gene	IGSF10	infores:geoatlas	true	
ENSEMBL:ENSG00000179388	biolink:Gene	EGR3	infores:geoatlas	true	
ENSEMBL:ENSG00000138303	biolink:Gene	ASCC1	infores:geoatlas	true	
ENSEMBL:ENSG00000224950	biolink:Gene	ENSG00000224950	infores:geoatlas	true	
ENSEMBL:ENSG00000145808	biolink:Gene	ADAMTS19	infores:geoatlas	true	
ENSEMBL:ENSG00000273409	biolink:Gene	LINC02712	infores:geoatlas	true	
ENSEMBL:ENSG00000228740	biolink:Gene	GABRG3-AS1	infores:geoatlas	true	
ENSEMBL:ENSG00000211445	biolink:Gene	GPX3	infores:geoatlas	true	
ENSEMBL:ENSG00000164691	biolink:Gene	TAGAP	infores:geoatlas	true	
ENSEMBL:ENSG00000197062	biolink:Gene	ZSCAN26	infores:geoatlas	true	
ENSEMBL:ENSG00000203721	biolink:Gene	LINC00862	infores:geoatlas	true	
ENSEMBL:ENSG00000182389	biolink:Gene	CACNB4	infores:geoatlas	true	
ENSEMBL:ENSG00000104760	biolink:Gene	FGL1	infores:geoatlas	true	
ENSEMBL:ENSG00000168172	biolink:Gene	HOOK3	infores:geoatlas	true	
geoatlas:GENE:SPDYE21	biolink:Gene	SPDYE21	infores:geoatlas	false	unresolved symbol
ENSEMBL:ENSG00000148175	biolink:Gene	STOM	infores:geoatlas	true	
ENSEMBL:ENSG00000092094	biolink:Gene	OSGEP	infores:geoatlas	true	
ENSEMBL:ENSG00000161547	biolink:Gene	SRSF2	infores:geoatlas	true	
ENSEMBL:ENSG00000103196	biolink:Gene	CRISPLD2	infores:geoatlas	true	
ENSEMBL:ENSG00000143376	biolink:Gene	SNX27	infores:geoatlas	true	
ENSEMBL:ENSG00000126804	biolink:Gene	ZBTB1	infores:geoatlas	true	
ENSEMBL:ENSG00000170802	biolink:Gene	FOXN2	infores:geoatlas	true	
ENSEMBL:ENSG00000168874	biolink:Gene	ATOH8	infores:geoatlas	true	
ENSEMBL:ENSG00000048405	biolink:Gene	ZNF800	infores:geoatlas	true	
ENSEMBL:ENSG00000188559	biolink:Gene	RALGAPA2	infores:geoatlas	true	
ENSEMBL:ENSG00000198804	biolink:Gene	MT-CO1	infores:geoatlas	true	
ENSEMBL:ENSG00000157625	biolink:Gene	TAB3	infores:geoatlas	true	
ENSEMBL:ENSG00000099622	biolink:Gene	CIRBP	infores:geoatlas	true	
ENSEMBL:ENSG00000085662	biolink:Gene	AKR1B1	infores:geoatlas	true	
ENSEMBL:ENSG00000185278	biolink:Gene	ZBTB37	infores:geoatlas	true	
ENSEMBL:ENSG00000173391	biolink:Gene	OLR1	infores:geoatlas	true	
ENSEMBL:ENSG00000262810	biolink:Gene	ENSG00000262810	infores:geoatlas	true	
ENSEMBL:ENSG00000232895	biolink:Gene	ENSG00000232895	infores:geoatlas	true	
ENSEMBL:ENSG00000170921	biolink:Gene	TANC2	infores:geoatlas	true	
ENSEMBL:ENSG00000274020	biolink:Gene	LINC01138	infores:geoatlas	true	
ENSEMBL:ENSG00000287335	biolink:Gene	ENSG00000287335	infores:geoatlas	true	
ENSEMBL:ENSG00000249881	biolink:Gene	ENSG00000249881	infores:geoatlas	true	
ENSEMBL:ENSG00000245864	biolink:Gene	MEF2C-AS2	infores:geoatlas	true	
ENSEMBL:ENSG00000185621	biolink:Gene	LMLN	infores:geoatlas	true	
ENSEMBL:ENSG00000188603	biolink:Gene	CLN3	infores:geoatlas	true	
ENSEMBL:ENSG00000027075	biolink:Gene	PRKCH	infores:geoatlas	true	
ENSEMBL:ENSG00000169193	biolink:Gene	CCDC126	infores:geoatlas	true	
ENSEMBL:ENSG00000106780	biolink:Gene	MEGF9	infores:geoatlas	true	
ENSEMBL:ENSG00000102921	biolink:Gene	N4BP1	infores:geoatlas	true	
ENSEMBL:ENSG00000184068	biolink:Gene	SREBF2-AS1	infores:geoatlas	true	
ENSEMBL:ENSG00000213316	biolink:Gene	LTC4S	infores:geoatlas	true	
ENSEMBL:ENSG00000234593	biolink:Gene	KAZN-AS1	infores:geoatlas	true	
geoatlas:GENE:ABTB3	biolink:Gene	ABTB3	infores:geoatlas	false	unresolved symbol
ENSEMBL:ENSG00000249867	biolink:Gene	LINC02742	infores:geoatlas	true	
ENSEMBL:ENSG00000140350	biolink:Gene	ANP32A	infores:geoatlas	true	
geoatlas:GENE:MYREM	biolink:Gene	MYREM	infores:geoatlas	false	unresolved symbol
ENSEMBL:ENSG00000176974	biolink:Gene	SHMT1	infores:geoatlas	true	
geoatlas:GENE:LINC03033	biolink:Gene	LINC03033	infores:geoatlas	false	unresolved symbol
ENSEMBL:ENSG00000286512	biolink:Gene	ENSG00000286512	infores:geoatlas	true	
ENSEMBL:ENSG00000102218	biolink:Gene	RP2	infores:geoatlas	true	
ENSEMBL:ENSG00000275302	biolink:Gene	CCL4	infores:geoatlas	true	
ENSEMBL:ENSG00000096060	biolink:Gene	FKBP5	infores:geoatlas	true	
ENSEMBL:ENSG00000129048	biolink:Gene	ACKR4	infores:geoatlas	true	
ENSEMBL:ENSG00000096092	biolink:Gene	TMEM14A	infores:geoatlas	true	
ENSEMBL:ENSG00000152689	biolink:Gene	RASGRP3	infores:geoatlas	true	
ENSEMBL:ENSG00000227195	biolink:Gene	MIR663AHG	infores:geoatlas	true	
ENSEMBL:ENSG00000250592	biolink:Gene	ENSG00000250592	infores:geoatlas	true	
ENSEMBL:ENSG00000104447	biolink:Gene	TRPS1	infores:geoatlas	true	
geoatlas:GENE:LINC02937	biolink:Gene	LINC02937	infores:geoatlas	false	unresolved symbol
ENSEMBL:ENSG00000186818	biolink:Gene	LILRB4	infores:geoatlas	true	
ENSEMBL:ENSG00000102882	biolink:Gene	MAPK3	infores:geoatlas	true	
geoatlas:GENE:LINC02942	biolink:Gene	LINC02942	infores:geoatlas	false	unresolved symbol
ENSEMBL:ENSG00000157483	biolink:Gene	MYO1E	infores:geoatlas	true	
ENSEMBL:ENSG00000140199	biolink:Gene	SLC12A6	infores:geoatlas	true	
ENSEMBL:ENSG00000136436	biolink:Gene	CALCOCO2	infores:geoatlas	true	
ENSEMBL:ENSG00000108256	biolink:Gene	NUFIP2	infores:geoatlas	true	
ENSEMBL:ENSG00000280441	biolink:Gene	ENSG00000280441	infores:geoatlas	true	
ENSEMBL:ENSG00000287807	biolink:Gene	ENSG00000287807	infores:geoatlas	true	
ENSEMBL:ENSG00000287216	biolink:Gene	ENSG00000287216	infores:geoatlas	true	
ENSEMBL:ENSG00000035403	biolink:Gene	VCL	infores:geoatlas	true	
ENSEMBL:ENSG00000138172	biolink:Gene	CALHM2	infores:geoatlas	true	
ENSEMBL:ENSG00000152558	biolink:Gene	TMEM123	infores:geoatlas	true	
ENSEMBL:ENSG00000285588	biolink:Gene	ENSG00000285588	infores:geoatlas	true	
ENSEMBL:ENSG00000185189	biolink:Gene	NRBP2	infores:geoatlas	true	
ENSEMBL:ENSG00000135916	biolink:Gene	ITM2C	infores:geoatlas	true	
ENSEMBL:ENSG00000215252	biolink:Gene	GOLGA8B	infores:geoatlas	true	
ENSEMBL:ENSG00000111231	biolink:Gene	GPN3	infores:geoatlas	true	
ENSEMBL:ENSG00000226688	biolink:Gene	ENTPD1-AS1	infores:geoatlas	true	
ENSEMBL:ENSG00000196187	biolink:Gene	TMEM63A	infores:geoatlas	true	
ENSEMBL:ENSG00000117152	biolink:Gene	RGS4	infores:geoatlas	true	
ENSEMBL:ENSG00000134030	biolink:Gene	CTIF	infores:geoatlas	true	
ENSEMBL:ENSG00000099139	biolink:Gene	PCSK5	infores:geoatlas	true	
ENSEMBL:ENSG00000172428	biolink:Gene	COPS9	infores:geoatlas	true	
ENSEMBL:ENSG00000287256	biolink:Gene	ENSG00000287256	infores:geoatlas	true	
ENSEMBL:ENSG00000214078	biolink:Gene	CPNE1	infores:geoatlas	true	
ENSEMBL:ENSG00000197971	biolink:Gene	MBP	infores:geoatlas	true	
ENSEMBL:ENSG00000178951	biolink:Gene	ZBTB7A	infores:geoatlas	true	
ENSEMBL:ENSG00000182310	biolink:Gene	SPACA6	infores:geoatlas	true	
ENSEMBL:ENSG00000264630	biolink:Gene	PRKCA-AS1	infores:geoatlas	true	
ENSEMBL:ENSG00000140455	biolink:Gene	USP3	infores:geoatlas	true	
ENSEMBL:ENSG00000113719	biolink:Gene	ERGIC1	infores:geoatlas	true	
ENSEMBL:ENSG00000228539	biolink:Gene	ENSG00000228539	infores:geoatlas	true	
ENSEMBL:ENSG00000120963	biolink:Gene	ZNF706	infores:geoatlas	true	
ENSEMBL:ENSG00000187094	biolink:Gene	CCK	infores:geoatlas	true	
ENSEMBL:ENSG00000182162	biolink:Gene	P2RY8	infores:geoatlas	true	
ENSEMBL:ENSG00000145414	biolink:Gene	NAF1	infores:geoatlas	true	
ENSEMBL:ENSG00000235939	biolink:Gene	ENSG00000235939	infores:geoatlas	true	
ENSEMBL:ENSG00000197976	biolink:Gene	AKAP17A	infores:geoatlas	true	
ENSEMBL:ENSG00000166136	biolink:Gene	NDUFB8	infores:geoatlas	true	
ENSEMBL:ENSG00000136206	biolink:Gene	SPDYE1	infores:geoatlas	true	
ENSEMBL:ENSG00000138760	biolink:Gene	SCARB2	infores:geoatlas	true	
ENSEMBL:ENSG00000249593	biolink:Gene	ENSG00000249593	infores:geoatlas	true	
ENSEMBL:ENSG00000228842	biolink:Gene	PCDH9-AS2	infores:geoatlas	true	
ENSEMBL:ENSG00000180917	biolink:Gene	CMTR2	infores:geoatlas	true	
ENSEMBL:ENSG00000131981	biolink:Gene	LGALS3	infores:geoatlas	true	
ENSEMBL:ENSG00000168916	biolink:Gene	ZNF608	infores:geoatlas	true	
ENSEMBL:ENSG00000175782	biolink:Gene	SLC35E3	infores:geoatlas	true	
ENSEMBL:ENSG00000182087	biolink:Gene	TMEM259	infores:geoatlas	true	
ENSEMBL:ENSG00000059588	biolink:Gene	TARBP1	infores:geoatlas	true	
ENSEMBL:ENSG00000141542	biolink:Gene	RAB40B	infores:geoatlas	true	
ENSEMBL:ENSG00000169184	biolink:Gene	MN1	infores:geoatlas	true	
ENSEMBL:ENSG00000258225	biolink:Gene	ENSG00000258225	infores:geoatlas	true	
ENSEMBL:ENSG00000133169	biolink:Gene	BEX1	infores:geoatlas	true	
ENSEMBL:ENSG00000064655	biolink:Gene	EYA2	infores:geoatlas	true	
ENSEMBL:ENSG00000188647	biolink:Gene	PTAR1	infores:geoatlas	true	
ENSEMBL:ENSG00000164105	biolink:Gene	SAP30	infores:geoatlas	true	
ENSEMBL:ENSG00000125753	biolink:Gene	VASP	infores:geoatlas	true	
ENSEMBL:ENSG00000102409	biolink:Gene	BEX4	infores:geoatlas	true	
ENSEMBL:ENSG00000159202	biolink:Gene	UBE2Z	infores:geoatlas	true	
ENSEMBL:ENSG00000152092	biolink:Gene	ASTN1	infores:geoatlas	true	
ENSEMBL:ENSG00000162704	biolink:Gene	ARPC5	infores:geoatlas	true	
ENSEMBL:ENSG00000079277	biolink:Gene	MKNK1	infores:geoatlas	true	
ENSEMBL:ENSG00000003147	biolink:Gene	ICA1	infores:geoatlas	true	
ENSEMBL:ENSG00000245662	biolink:Gene	LINC02211	infores:geoatlas	true	
ENSEMBL:ENSG00000267274	biolink:Gene	ENSG00000267274	infores:geoatlas	true	
ENSEMBL:ENSG00000089505	biolink:Gene	CMTM1	infores:geoatlas	true	
ENSEMBL:ENSG00000257925	biolink:Gene	ENSG00000257925	infores:geoatlas	true	
ENSEMBL:ENSG00000261052	biolink:Gene	SULT1A3	infores:geoatlas	true	
ENSEMBL:ENSG00000163171	biolink:Gene	CDC42EP3	infores:geoatlas	true	
ENSEMBL:ENSG00000104872	biolink:Gene	PIH1D1	infores:geoatlas	true	
ENSEMBL:ENSG00000143127	biolink:Gene	ITGA10	infores:geoatlas	true	
ENSEMBL:ENSG00000136040	biolink:Gene	PLXNC1	infores:geoatlas	true	
geoatlas:GENE:GNA15-DT	biolink:Gene	GNA15-DT	infores:geoatlas	false	unresolved symbol
ENSEMBL:ENSG00000281026	biolink:Gene	N4BP2L2-IT2	infores:geoatlas	true	
ENSEMBL:ENSG00000230806	biolink:Gene	SRGAP2-AS1	infores:geoatlas	true	
ENSEMBL:ENSG00000047188	biolink:Gene	YTHDC2	infores:geoatlas	true	
ENSEMBL:ENSG00000113658	biolink:Gene	SMAD5	infores:geoatlas	true	
ENSEMBL:ENSG00000070718	biolink:Gene	AP3M2	infores:geoatlas	true	
ENSEMBL:ENSG00000287454	biolink:Gene	ENSG00000287454	infores:geoatlas	true	
geoatlas:GENE:ADAM7-AS1	biolink:Gene	ADAM7-AS1	infores:geoatlas	false	unresolved symbol
ENSEMBL:ENSG00000166333	biolink:Gene	ILK	infores:geoatlas	true	
ENSEMBL:ENSG00000261455	biolink:Gene	LINC01003	infores:geoatlas	true	
ENSEMBL:ENSG00000187229	biolink:Gene	ENSG00000187229	infores:geoatlas	true	
ENSEMBL:ENSG00000184515	biolink:Gene	BEX5	infores:geoatlas	true	
ENSEMBL:ENSG00000106537	biolink:Gene	TSPAN13	infores:geoatlas	true	
ENSEMBL:ENSG00000138182	biolink:Gene	KIF20B	infores:geoatlas	true	
ENSEMBL:ENSG00000187855	biolink:Gene	ASCL4	infores:geoatlas	true	
ENSEMBL:ENSG00000286746	biolink:Gene	ENSG00000286746	infores:geoatlas	true	
ENSEMBL:ENSG00000114353	biolink:Gene	GNAI2	infores:geoatlas	true	
ENSEMBL:ENSG00000270871	biolink:Gene	ENSG00000270871	infores:geoatlas	true	
ENSEMBL:ENSG00000173436	biolink:Gene	MICOS10	infores:geoatlas	true	
ENSEMBL:ENSG00000070087	biolink:Gene	PFN2	infores:geoatlas	true	
ENSEMBL:ENSG00000020426	biolink:Gene	MNAT1	infores:geoatlas	true	
geoatlas:GENE:DNAJC6-AS1	biolink:Gene	DNAJC6-AS1	infores:geoatlas	false	unresolved symbol
ENSEMBL:ENSG00000285639	biolink:Gene	ENSG00000285639	infores:geoatlas	true	
ENSEMBL:ENSG00000286018	biolink:Gene	ENSG00000286018	infores:geoatlas	true	
ENSEMBL:ENSG00000260370	biolink:Gene	ENSG00000260370	infores:geoatlas	true	
ENSEMBL:ENSG00000150627	biolink:Gene	WDR17	infores:geoatlas	true	
ENSEMBL:ENSG00000250802	biolink:Gene	ZBED3-AS1	infores:geoatlas	true	
ENSEMBL:ENSG00000147789	biolink:Gene	ZNF7	infores:geoatlas	true	
ENSEMBL:ENSG00000169926	biolink:Gene	KLF13	infores:geoatlas	true	
ENSEMBL:ENSG00000131116	biolink:Gene	ZNF428	infores:geoatlas	true	
ENSEMBL:ENSG00000185291	biolink:Gene	IL3RA	infores:geoatlas	true	
ENSEMBL:ENSG00000050030	biolink:Gene	NEXMIF	infores:geoatlas	true	
geoatlas:GENE:GASK1B-AS1	biolink:Gene	GASK1B-AS1	infores:geoatlas	false	unresolved symbol
ENSEMBL:ENSG00000136478	biolink:Gene	TEX2	infores:geoatlas	true	
ENSEMBL:ENSG00000047644	biolink:Gene	WWC3	infores:geoatlas	true	
ENSEMBL:ENSG00000286458	biolink:Gene	ENSG00000286458	infores:geoatlas	true	
ENSEMBL:ENSG00000163563	biolink:Gene	MNDA	infores:geoatlas	true	
ENSEMBL:ENSG00000126821	biolink:Gene	SGPP1	infores:geoatlas	true	
ENSEMBL:ENSG00000140750	biolink:Gene	ARHGAP17	infores:geoatlas	true	
ENSEMBL:ENSG00000166979	biolink:Gene	EVA1C	infores:geoatlas	true	
ENSEMBL:ENSG00000152332	biolink:Gene	UHMK1	infores:geoatlas	true	
ENSEMBL:ENSG00000130175	biolink:Gene	PRKCSH	infores:geoatlas	true	
ENSEMBL:ENSG00000139679	biolink:Gene	LPAR6	infores:geoatlas	true	
ENSEMBL:ENSG00000270419	biolink:Gene	CAHM	infores:geoatlas	true	
geoatlas:GENE:SLC28A2-AS1	biolink:Gene	SLC28A2-AS1	infores:geoatlas	false	unresolved symbol
ENSEMBL:ENSG00000175215	biolink:Gene	CTDSP2	infores:geoatlas	true	
ENSEMBL:ENSG00000180509	biolink:Gene	KCNE1	infores:geoatlas	true	
ENSEMBL:ENSG00000127990	biolink:Gene	SGCE	infores:geoatlas	true	
ENSEMBL:ENSG00000163659	biolink:Gene	TIPARP	infores:geoatlas	true	
ENSEMBL:ENSG00000171606	biolink:Gene	ZNF274	infores:geoatlas	true	
ENSEMBL:ENSG00000066336	biolink:Gene	SPI1	infores:geoatlas	true	
ENSEMBL:ENSG00000122477	biolink:Gene	LRRC39	infores:geoatlas	true	
ENSEMBL:ENSG00000125347	biolink:Gene	IRF1	infores:geoatlas	true	
ENSEMBL:ENSG00000172000	biolink:Gene	ZNF556	infores:geoatlas	true	
ENSEMBL:ENSG00000240303	biolink:Gene	ACAD11	infores:geoatlas	true	
ENSEMBL:ENSG00000058272	biolink:Gene	PPP1R12A	infores:geoatlas	true	
ENSEMBL:ENSG00000141574	biolink:Gene	SECTM1	infores:geoatlas	true	
ENSEMBL:ENSG00000243646	biolink:Gene	IL10RB	infores:geoatlas	true	
ENSEMBL:ENSG00000258380	biolink:Gene	ENSG00000258380	infores:geoatlas	true	
ENSEMBL:ENSG00000287180	biolink:Gene	ENSG00000287180	infores:geoatlas	true	
ENSEMBL:ENSG00000110934	biolink:Gene	BIN2	infores:geoatlas	true	
ENSEMBL:ENSG00000119421	biolink:Gene	NDUFA8	infores:geoatlas	true	
ENSEMBL:ENSG00000139117	biolink:Gene	CPNE8	infores:geoatlas	true	
ENSEMBL:ENSG00000197471	biolink:Gene	SPN	infores:geoatlas	true	
ENSEMBL:ENSG00000204237	biolink:Gene	OXLD1	infores:geoatlas	true	
ENSEMBL:ENSG00000188906	biolink:Gene	LRRK2	infores:geoatlas	true	
ENSEMBL:ENSG00000131389	biolink:Gene	SLC6A6	infores:geoatlas	true	
ENSEMBL:ENSG00000161921	biolink:Gene	CXCL16	infores:geoatlas	true	
ENSEMBL:ENSG00000269956	biolink:Gene	MKNK1-AS1	infores:geoatlas	true	
ENSEMBL:ENSG00000158987	biolink:Gene	RAPGEF6	infores:geoatlas	true	
ENSEMBL:ENSG00000168917	biolink:Gene	SLC35G2	infores:geoatlas	true	
ENSEMBL:ENSG00000117592	biolink:Gene	PRDX6	infores:geoatlas	true	
ENSEMBL:ENSG00000127947	biolink:Gene	PTPN12	infores:geoatlas	true	
ENSEMBL:ENSG00000249236	biolink:Gene	ENSG00000249236	infores:geoatlas	true	
ENSEMBL:ENSG00000249309	biolink:Gene	ENSG00000249309	infores:geoatlas	true	
ENSEMBL:ENSG00000249207	biolink:Gene	ENSG00000249207	infores:geoatlas	true	
ENSEMBL:ENSG00000256717	biolink:Gene	LINC02698	infores:geoatlas	true	
ENSEMBL:ENSG00000232160	biolink:Gene	RAP2C-AS1	infores:geoatlas	true	
ENSEMBL:ENSG00000119396	biolink:Gene	RAB14	infores:geoatlas	true	
ENSEMBL:ENSG00000250764	biolink:Gene	ENSG00000250764	infores:geoatlas	true	
ENSEMBL:ENSG00000007237	biolink:Gene	GAS7	infores:geoatlas	true	
ENSEMBL:ENSG00000136235	biolink:Gene	GPNMB	infores:geoatlas	true	
ENSEMBL:ENSG00000164136	biolink:Gene	IL15	infores:geoatlas	true	
ENSEMBL:ENSG00000160791	biolink:Gene	CCR5	infores:geoatlas	true	
ENSEMBL:ENSG00000115232	biolink:Gene	ITGA4	infores:geoatlas	true	
ENSEMBL:ENSG00000110077	biolink:Gene	MS4A6A	infores:geoatlas	true	
ENSEMBL:ENSG00000170266	biolink:Gene	GLB1	infores:geoatlas	true	
ENSEMBL:ENSG00000169313	biolink:Gene	P2RY12	infores:geoatlas	true	
ENSEMBL:ENSG00000147889	biolink:Gene	CDKN2A	infores:geoatlas	true	
ENSEMBL:ENSG00000146648	biolink:Gene	EGFR	infores:geoatlas	true	
ENSEMBL:ENSG00000187037	biolink:Gene	GPR141	infores:geoatlas	true	
ENSEMBL:ENSG00000110079	biolink:Gene	MS4A4A	infores:geoatlas	true	
ENSEMBL:ENSG00000134470	biolink:Gene	IL15RA	infores:geoatlas	true	
ENSEMBL:ENSG00000167601	biolink:Gene	AXL	infores:geoatlas	true	
ENSEMBL:ENSG00000153208	biolink:Gene	MERTK	infores:geoatlas	true	
UBERON:0000955	biolink:GrossAnatomicalStructure	brain	infores:geoatlas	true	
ENSEMBL:ENSG00000073921	biolink:Gene	PICALM	infores:geoatlas	true	
ENSEMBL:ENSG00000073712	biolink:Gene	FERMT2	infores:geoatlas	true	
ENSEMBL:ENSG00000029725	biolink:Gene	RABEP1	infores:geoatlas	true	
ENSEMBL:ENSG00000033327	biolink:Gene	GAB2	infores:geoatlas	true	
ENSEMBL:ENSG00000073060	biolink:Gene	SCARB1	infores:geoatlas	true	
ENSEMBL:ENSG00000001617	biolink:Gene	SEMA3F	infores:geoatlas	true	
ENSEMBL:ENSG00000030582	biolink:Gene	GRN	infores:geoatlas	true	
ENSEMBL:ENSG00000021645	biolink:Gene	NRXN3	infores:geoatlas	true	
ENSEMBL:ENSG00000036257	biolink:Gene	CUL3	infores:geoatlas	true	
ENSEMBL:ENSG00000067141	biolink:Gene	NEO1	infores:geoatlas	true	
ENSEMBL:ENSG00000066777	biolink:Gene	ARFGEF1	infores:geoatlas	true	
ENSEMBL:ENSG00000070778	biolink:Gene	PTPN21	infores:geoatlas	true	
ENSEMBL:ENSG00000000971	biolink:Gene	CFH	infores:geoatlas	true	
ENSEMBL:ENSG00000001631	biolink:Gene	KRIT1	infores:geoatlas	true	
ENSEMBL:ENSG00000003436	biolink:Gene	TFPI	infores:geoatlas	true	
ENSEMBL:ENSG00000004399	biolink:Gene	PLXND1	infores:geoatlas	true	
ENSEMBL:ENSG00000038427	biolink:Gene	VCAN	infores:geoatlas	true	
ENSEMBL:ENSG00000001084	biolink:Gene	GCLC	infores:geoatlas	true	
ENSEMBL:ENSG00000080815	biolink:Gene	PSEN1	infores:geoatlas	true	
ENSEMBL:ENSG00000086015	biolink:Gene	MAST2	infores:geoatlas	true	
ENSEMBL:ENSG00000068383	biolink:Gene	INPP5A	infores:geoatlas	true	
CL:0000576	biolink:Cell	monocyte	infores:geoatlas	true	
geoatlas:DATASET:BLUEPRINT	biolink:Dataset	BLUEPRINT	infores:geoatlas	false	
UBERON:0009834	biolink:GrossAnatomicalStructure	dorsolateral prefrontal cortex	infores:geoatlas	true	
geoatlas:DATASET:ROSMAP	biolink:Dataset	ROSMAP	infores:geoatlas	false	
geoatlas:DATASET:BrainSeq	biolink:Dataset	BrainSeq	infores:geoatlas	false	
geoatlas:DATASET:CommonMind	biolink:Dataset	CommonMind	infores:geoatlas	false	
geoatlas:DATASET:OneK1K	biolink:Dataset	OneK1K	infores:geoatlas	false	
geoatlas:DATASET:Perez	biolink:Dataset	Perez	infores:geoatlas	false	
geoatlas:DATASET:Quach	biolink:Dataset	Quach	infores:geoatlas	false	
UBERON:0000956	biolink:GrossAnatomicalStructure	cerebral cortex	infores:geoatlas	true	
geoatlas:DATASET:GTEx	biolink:Dataset	GTEx	infores:geoatlas	false	
ENSEMBL:ENSG00000105383	biolink:Gene	CD33	infores:geoatlas	true	
ENSEMBL:ENSG00000161640	biolink:Gene	SIGLEC11	infores:geoatlas	true	
ENSEMBL:ENSG00000197943	biolink:Gene	PLCG2	infores:geoatlas	true	
ENSEMBL:ENSG00000168918	biolink:Gene	INPP5D	infores:geoatlas	true	
ENSEMBL:ENSG00000095970	biolink:Gene	TREM2	infores:geoatlas	true	
ENSEMBL:ENSG00000140853	biolink:Gene	NLRC5	infores:geoatlas	true	
ENSEMBL:ENSG00000113532	biolink:Gene	ST8SIA4	infores:geoatlas	true	
geoatlas:GENE:SIGLEC16	biolink:Gene	SIGLEC16	infores:geoatlas	false	unresolved symbol
